#domain,ioc
178-128-196-79.sslip.io,Possible Cobalt Strike C2 Domain
3se9ewodke339f0e83.connectivitytests.com,Possible Cobalt Strike C2 Fronted Domain
agent.cloudfiledisk.com,Possible Cobalt Strike C2 Domain
api.baidubce.com,Possible Cobalt Strike C2 Fronting Domain
api.imageprovidjs.shop,Possible Cobalt Strike C2 Fronted Domain
api.zhimawithyou.top,Possible Cobalt Strike C2 Fronting Domain
bbb.0101011010010111001.com,Possible Cobalt Strike C2 Domain
ck.erloro.com,Possible Cobalt Strike C2 Domain
complianceportals.com,Possible Cobalt Strike C2 Domain
cs.tpedu2metricstw.dpdns.org,Possible Cobalt Strike C2 Domain
d575nyk99jule.cloudfront.net,Possible Cobalt Strike C2 Domain
d575nyk99jule.cloudfront.net,Possible Cobalt Strike C2 Fronting Domain
dev.useimage.sbs,Possible Cobalt Strike C2 Domain
financiales-groupe.com,Possible Cobalt Strike C2 Fronted Domain
i.gckni.com,Possible Cobalt Strike C2 Domain
imageprovidjs.shop,Possible Cobalt Strike C2 Fronting Domain
meritphilips.fans,Possible Cobalt Strike C2 Domain
miss.singinas.com,Possible Cobalt Strike C2 Fronted Domain
missmovie.lol,Possible Cobalt Strike C2 Domain
osce12-0-sc.url.asiainfo-sec.com,Possible Cobalt Strike C2 Fronted Domain
ossb6.oss-cn-beijing.aliyuncs.com,Possible Cobalt Strike C2 Domain
skynet-i.asuscomm.com,Possible Cobalt Strike C2 Domain
updatesrv.net,Possible Cobalt Strike C2 Domain
web-analyzer-serv32.com,Possible Cobalt Strike C2 Domain
www.dyshop.online,Possible Cobalt Strike C2 Domain
www.mfmni.shop,Possible Cobalt Strike C2 Fronting Domain
www.qkshhdjrbd.work,Possible Cobalt Strike C2 Domain
zhimawithyou.top,Possible Cobalt Strike C2 Fronted Domain
