#domain,ioc,uri_path
178-128-196-79.sslip.io,Possible Cobalt Strike C2 Domain,/push
3se9ewodke339f0e83.connectivitytests.com,Possible Cobalt Strike C2 Fronted Domain,/jquery-3.3.1.min.js
agent.cloudfiledisk.com,Possible Cobalt Strike C2 Domain,/jquery-3.3.1.min.js
api.imageprovidjs.shop,Possible Cobalt Strike C2 Fronted Domain,/jquery-3.3.1.min.js
api.zhimawithyou.top,Possible Cobalt Strike C2 Fronting Domain,/api/v1/node/check
bbb.0101011010010111001.com,Possible Cobalt Strike C2 Domain,/jquery-3.3.1.min.js
ck.erloro.com,Possible Cobalt Strike C2 Domain,/__utm.gif
complianceportals.com,Possible Cobalt Strike C2 Domain,/__utm.gif
cs.tpedu2metricstw.dpdns.org,Possible Cobalt Strike C2 Domain,/api/v1/get
d575nyk99jule.cloudfront.net,Possible Cobalt Strike C2 Domain,/jquery-3.3.1.min.js
d575nyk99jule.cloudfront.net,Possible Cobalt Strike C2 Fronting Domain,/jquery-3.3.1.min.js
dev.useimage.sbs,Possible Cobalt Strike C2 Domain,/jquery-3.3.1.min.js
financiales-groupe.com,Possible Cobalt Strike C2 Fronted Domain,/jquery-3.3.1.min.js
i.gckni.com,Possible Cobalt Strike C2 Domain,/en_US/all.js
imageprovidjs.shop,Possible Cobalt Strike C2 Fronting Domain,/jquery-3.3.1.min.js
meritphilips.fans,Possible Cobalt Strike C2 Domain,/cdn/assets/app.min.js
miss.singinas.com,Possible Cobalt Strike C2 Fronted Domain,/sugrec
missmovie.lol,Possible Cobalt Strike C2 Domain,/api/3
osce12-0-sc.url.asiainfo-sec.com,Possible Cobalt Strike C2 Fronted Domain,/dist/css/bootstrap.min.css
ossb6.oss-cn-beijing.aliyuncs.com,Possible Cobalt Strike C2 Domain,/images/logo.png
skynet-i.asuscomm.com,Possible Cobalt Strike C2 Domain,/zOMGAPT
updatesrv.net,Possible Cobalt Strike C2 Domain,/___utm.gif
web-analyzer-serv32.com,Possible Cobalt Strike C2 Domain,/___utm.gif
www.dyshop.online,Possible Cobalt Strike C2 Domain,/login.js
www.mfmni.shop,Possible Cobalt Strike C2 Fronting Domain,/jquery-3.3.1.min.js
www.qkshhdjrbd.work,Possible Cobalt Strike C2 Domain,/jquery-3.3.1.min.js
zhimawithyou.top,Possible Cobalt Strike C2 Fronted Domain,/api/v1/node/check
